Canonical Law ID,url,filename
TMP-AL-CHILDPROTECTIO,https://alison.legislature.state.al.us/files/pdf/SearchableInstruments/2024RS/HB168-enr.pdf,output/law_texts/TMP-AL-CHILDPROTECTIO.txt
US-AL-HB172,https://alison.legislature.state.al.us/files/pdf/SearchableInstruments/2024RS/HB172-enr.pdf,output/law_texts/US-AL-HB172.txt
TMP-AZ-AMENDMENTOFARI,https://infobytes.orrick.com/wp-content/uploads/Arizona-2025-SB1462-Engrossed.pdf,output/law_texts/TMP-AZ-AMENDMENTOFARI.txt
TMP-AZ-ARIZONAPOLITIC,https://www.azleg.gov/legtext/56leg/2R/laws/0199.pdf,output/law_texts/TMP-AZ-ARIZONAPOLITIC.txt
TMP-AZ-GENERALDEEPFAK,https://www.azleg.gov/legtext/56leg/2R/laws/0193.pdf,output/law_texts/TMP-AZ-GENERALDEEPFAK.txt
TMP-AR-OFARKANSASCSAM,https://arkleg.state.ar.us/Home/FTPDocument?path=%2FACTS%2F2025R%2FPublic%2FACT977.pdf,output/law_texts/TMP-AR-OFARKANSASCSAM.txt
TMP-AR-OFMODELTRAININ,https://arkleg.state.ar.us/Home/FTPDocument?path=%2FACTS%2F2025R%2FPublic%2FACT927.pdf,output/law_texts/TMP-AR-OFMODELTRAININ.txt
US-AR-AB1018,https://r.jina.ai/http://legiscan.com/AR/bill/AB1018,output/law_texts/US-AR-AB1018.txt
US-AR-SB258,https://r.jina.ai/http://legiscan.com/AR/bill/SB258,output/law_texts/US-AR-SB258.txt
US-AR-SB468,https://r.jina.ai/http://legiscan.com/AR/text/SB468,output/law_texts/US-AR-SB468.txt
TMP-CA-ACTIONSCALCIVC,https://leginfo.legislature.ca.gov/faces/billNavClient.xhtml?bill_id=202520260AB316,output/law_texts/TMP-CA-ACTIONSCALCIVC.txt
TMP-CA-ADVICEFROMARTI,https://leginfo.legislature.ca.gov/faces/billTextClient.xhtml?bill_id=202520260AB489,output/law_texts/TMP-CA-ADVICEFROMARTI.txt
TMP-CA-AICALIFORNIABO,https://leginfo.legislature.ca.gov/faces/codes_displayText.xhtml?lawCode=BPC&division=7.&title=&part=3.&chapter=6.&article,output/law_texts/TMP-CA-AICALIFORNIABO.txt
TMP-CA-AICALIFORNIACO,https://leginfo.legislature.ca.gov/faces/billTextClient.xhtml?bill_id=202520260SB243,output/law_texts/TMP-CA-AICALIFORNIACO.txt
TMP-CA-AITRANSPARENCY,https://infobytes.orrick.com/wp-content/uploads/California-AI-Transparency-Act-and-Amendment2.pdf,output/law_texts/TMP-CA-AITRANSPARENCY.txt
TMP-CA-AMENDMENTOFCAL,https://leginfo.legislature.ca.gov/faces/billNavClient.xhtml?bill_id=202320240SB926,output/law_texts/TMP-CA-AMENDMENTOFCAL.txt
TMP-CA-AMENDMENTTOTHE,https://leginfo.legislature.ca.gov/faces/billNavClient.xhtml?bill_id=202320240AB2355,output/law_texts/TMP-CA-AMENDMENTTOTHE.txt
TMP-CA-BROKERREGISTRA,https://leginfo.legislature.ca.gov/faces/billTextClient.xhtml?bill_id=202320240AB2013,output/law_texts/TMP-CA-BROKERREGISTRA.txt
TMP-CA-CALIFORNIAGOVE,https://leginfo.legislature.ca.gov/faces/codes_displaySection.xhtml?lawCode=GOV&sectionNum=11546.45.5.,output/law_texts/TMP-CA-CALIFORNIAGOVE.txt
TMP-CA-CALLDISCLOSURE,https://leginfo.legislature.ca.gov/faces/billNavClient.xhtml?bill_id=202320240AB2905,output/law_texts/TMP-CA-CALLDISCLOSURE.txt
TMP-CA-CONSUMERPRIVAC,https://url.us.m.mimecastprotect.com/s/xp7nCERxwAs3VRg7vFVtXC7i2_i?domain=fpf.informz.net,output/law_texts/TMP-CA-CONSUMERPRIVAC.txt
TMP-CA-DECEPTIVEMEDIA,https://leginfo.legislature.ca.gov/faces/billNavClient.xhtml?bill_id=202320240AB2839,output/law_texts/TMP-CA-DECEPTIVEMEDIA.txt
TMP-CA-DECISIONCALIFO,https://cppa.ca.gov/regulations/pdf/ccpa_updates_cyber_risk_admt_appr_text.pdf,output/law_texts/TMP-CA-DECISIONCALIFO.txt
TMP-CA-DEFINITIONBILL,https://leginfo.legislature.ca.gov/faces/billTextClient.xhtml?bill_id=202320240AB2885,output/law_texts/TMP-CA-DEFINITIONBILL.txt
TMP-CA-EMPLOYMENTANDS,https://calcivilrights.ca.gov/wp-content/uploads/sites/32/2025/03/Attachment-B-Final-Unmodified-Text-of-Proposed-Employment-Regulations-Regarding-Automated-Decision-Systems.pdf,output/law_texts/TMP-CA-EMPLOYMENTANDS.txt
TMP-CA-EMPLOYMENTREGU,https://calcivilrights.ca.gov/wp-content/uploads/sites/32/2025/03/Attachment-B-Final-Unmodified-Text-of-Proposed-Employment-Regulations-Regarding-Automated-Decision-Systems.pdf,output/law_texts/TMP-CA-EMPLOYMENTREGU.txt
TMP-CA-ESTATEREALESTA,https://leginfo.legislature.ca.gov/faces/billNavClient.xhtml?bill_id=202520260AB723,output/law_texts/TMP-CA-ESTATEREALESTA.txt
TMP-CA-GENERATIVEARTI,https://leginfo.legislature.ca.gov/faces/billVersionsCompareClient.xhtml?bill_id=202320240SB896,output/law_texts/TMP-CA-GENERATIVEARTI.txt
TMP-CA-HEALTHCAREUTIL,https://leginfo.legislature.ca.gov/faces/billNavClient.xhtml?bill_id=202320240SB1120,output/law_texts/TMP-CA-HEALTHCAREUTIL.txt
TMP-CA-INTELLIGENCEIN,https://leginfo.legislature.ca.gov/faces/billTextClient.xhtml?bill_id=202320240AB3030,output/law_texts/TMP-CA-INTELLIGENCEIN.txt
TMP-CA-INTELLIGENCETR,https://leginfo.legislature.ca.gov/faces/billTextClient.xhtml?bill_id=202520260SB361,output/law_texts/TMP-CA-INTELLIGENCETR.txt
TMP-CA-LAWENFORCEMENT,https://leginfo.legislature.ca.gov/faces/billNavClient.xhtml?bill_id=202520260SB524,output/law_texts/TMP-CA-LAWENFORCEMENT.txt
TMP-CA-MEDIACALIFORNI,https://leginfo.legislature.ca.gov/faces/codes_displayText.xhtml?lawCode=BPC&division=8.&title=&part=&chapter=25.&article=,output/law_texts/TMP-CA-MEDIACALIFORNI.txt
TMP-CA-MEDIADEFENDING,https://leginfo.legislature.ca.gov/faces/billNavClient.xhtml?bill_id=202320240AB2655,output/law_texts/TMP-CA-MEDIADEFENDING.txt
TMP-CA-MEDIADIGITALID,https://leginfo.legislature.ca.gov/faces/billNavClient.xhtml?bill_id=202320240SB981,output/law_texts/TMP-CA-MEDIADIGITALID.txt
TMP-CA-OFCALIFORNIACS,https://leginfo.legislature.ca.gov/faces/codes_displayText.xhtml?chapter=7.5.&part=1.&lawCode=PEN&title=9,output/law_texts/TMP-CA-OFCALIFORNIACS.txt
TMP-CA-OFVOICEORLIKEN,https://leginfo.legislature.ca.gov/faces/billNavClient.xhtml?bill_id=202320240AB2602,output/law_texts/TMP-CA-OFVOICEORLIKEN.txt
TMP-CA-ORGENERALTRANS,https://leginfo.legislature.ca.gov/faces/billTextClient.xhtml?bill_id=202520260SB53,output/law_texts/TMP-CA-ORGENERALTRANS.txt
TMP-CA-PRICINGCARTWRI,https://leginfo.legislature.ca.gov/faces/billTextClient.xhtml?bill_id=202520260AB325,output/law_texts/TMP-CA-PRICINGCARTWRI.txt
TMP-CA-TODECEASEDAB18,https://leginfo.legislature.ca.gov/faces/billNavClient.xhtml?bill_id=202320240AB1836,output/law_texts/TMP-CA-TODECEASEDAB18.txt
US-CA-AB2013,https://r.jina.ai/http://legiscan.com/CA/text/AB2013,output/law_texts/US-CA-AB2013.txt
US-CA-AB412,https://r.jina.ai/http://legiscan.com/CA/bill/AB412,output/law_texts/US-CA-AB412.txt
US-CA-HB94,https://r.jina.ai/http://legiscan.com/CA/bill/HB94,output/law_texts/US-CA-HB94.txt
US-CA-SB11,https://r.jina.ai/http://legiscan.com/CA/text/SB11,output/law_texts/US-CA-SB11.txt
US-CA-SB420,https://r.jina.ai/http://legiscan.com/CA/bill/SB420,output/law_texts/US-CA-SB420.txt
US-CA-SB53,https://r.jina.ai/http://legiscan.com/CA/search?keyword=SB53,output/law_texts/US-CA-SB53.txt
US-CA-SB942,https://r.jina.ai/http://legiscan.com/CA/text/SB942,output/law_texts/US-CA-SB942.txt
TMP-CO-AICOLORADOAIAC,https://infobytes.orrick.com/wp-content/uploads/Colorado-AI-Act-Amended.pdf,output/law_texts/TMP-CO-AICOLORADOAIAC.txt
TMP-CO-COLORADOCANDID,https://infobytes.orrick.com/wp-content/uploads/Colorado-Rev.-Stat.-1-45-111.5-to-111.7-and-1-46-101-to-106.pdf,output/law_texts/TMP-CO-COLORADOCANDID.txt
TMP-CO-COLORADOPROTEC,https://infobytes.orrick.com/wp-content/uploads/Colorado-10-3-11049-Insurers-use-of-external-consumer-with-regs.pdf,output/law_texts/TMP-CO-COLORADOPROTEC.txt
TMP-CO-DECISIONCOLORA,https://infobytes.orrick.com/wp-content/uploads/Colorado-%C2%A7-6-1-1301-Colorado-Privacy-Act-with-Regulations.pdf,output/law_texts/TMP-CO-DECISIONCOLORA.txt
TMP-CO-PREVENTINGUNAU,https://leg.colorado.gov/sites/default/files/2025a_288_signed.pdf,output/law_texts/TMP-CO-PREVENTINGUNAU.txt
TMP-CO-UNAUTHORIZEDSB,https://leg.colorado.gov/sites/default/files/2025a_288_signed.pdf,output/law_texts/TMP-CO-UNAUTHORIZEDSB.txt
US-CO-SB149,https://r.jina.ai/http://legiscan.com/CO/text/SB149,output/law_texts/US-CO-SB149.txt
US-CO-SB205,https://r.jina.ai/http://legiscan.com/CO/text/SB205,output/law_texts/US-CO-SB205.txt
US-CO-SB318,https://r.jina.ai/http://legiscan.com/CO/bill/SB318,output/law_texts/US-CO-SB318.txt
TMP-CT-CONNECTICUTACT,https://www.cga.ct.gov/asp/cgabillstatus/cgabillstatus.asp?selBillType=Bill&bill_num=SB01103&which_year=2023,output/law_texts/TMP-CT-CONNECTICUTACT.txt
TMP-CT-DATAPRIVACYACT,https://www.cga.ct.gov/2025/ACT/PA/PDF/2025PA-00113-R00SB-01295-PA.PDF,output/law_texts/TMP-CT-DATAPRIVACYACT.txt
TMP-CT-DECISIONCONNEC,https://www.cga.ct.gov/current/pub/chap_743jj.htm,output/law_texts/TMP-CT-DECISIONCONNEC.txt
TMP-CT-PRICINGTRANSPO,https://www.cga.ct.gov/current/pub/chap_244c.htm,output/law_texts/TMP-CT-PRICINGTRANSPO.txt
US-CT-SB2,https://r.jina.ai/http://legiscan.com/CT/bill/SB2,output/law_texts/US-CT-SB2.txt
TMP-DE-AMENDMENTTOTHE,https://legis.delaware.gov/BillDetail/141103,output/law_texts/TMP-DE-AMENDMENTTOTHE.txt
TMP-DE-DECISIONDELAWA,https://delcode.delaware.gov/title6/c012d/index.html,output/law_texts/TMP-DE-DECISIONDELAWA.txt
TMP-DE-DELAWAREARTIFI,https://legis.delaware.gov/BillDetail/140866,output/law_texts/TMP-DE-DELAWAREARTIFI.txt
TMP-FL-DECISIONFLORID,https://laws.flrules.org/2023/201,output/law_texts/TMP-FL-DECISIONFLORID.txt
TMP-FL-FLORIDAACTRELA,https://custom.statenet.com/public/resources.cgi?mode=show_text&id=ID:bill:FL2024000H919&verid=FL2024000H919_20240426_0_CH&,output/law_texts/TMP-FL-FLORIDAACTRELA.txt
TMP-FL-OFFLORIDACSAML,https://www.flsenate.gov/Session/Bill/2024/1680/ByVersion,output/law_texts/TMP-FL-OFFLORIDACSAML.txt
US-FL-HB369,https://r.jina.ai/http://legiscan.com/FL/bill/HB369,output/law_texts/US-FL-HB369.txt
TMP-GA-OFGEORGIACSAML,https://www.legis.ga.gov/api/legislation/document/20232024/223269,output/law_texts/TMP-GA-OFGEORGIACSAML.txt
TMP-GA-PROHIBITIONONN,https://www.legis.ga.gov/api/legislation/document/20132014/143392,output/law_texts/TMP-GA-PROHIBITIONONN.txt
TMP-HI-AMENDMENTTOINT,https://data.capitol.hawaii.gov/sessions/session2021/Bills/SB309_SD1_.HTM,output/law_texts/TMP-HI-AMENDMENTTOINT.txt
TMP-HI-DECEPTIVEMEDIA,https://data.capitol.hawaii.gov/sessions/session2024/bills/SB2687_CD1_.pdf,output/law_texts/TMP-HI-DECEPTIVEMEDIA.txt
US-HI-SB59,https://r.jina.ai/http://legiscan.com/HI/bill/SB59,output/law_texts/US-HI-SB59.txt
TMP-ID-IDAHOEXPLICITS,https://legislature.idaho.gov/statutesrules/idstat/title18/t18ch66/sect18-6606/,output/law_texts/TMP-ID-IDAHOEXPLICITS.txt
TMP-ID-TOPERSONHOODIC,https://legislature.idaho.gov/statutesrules/idstat/Title5/T5CH3/SECT5-346/,output/law_texts/TMP-ID-TOPERSONHOODIC.txt
US-ID-HB127,https://r.jina.ai/http://legiscan.com/ID/bill/HB127,output/law_texts/US-ID-HB127.txt
US-ID-HB3506,,
US-ID-SB1929,https://r.jina.ai/http://legiscan.com/ID/bill/SB1929,output/law_texts/US-ID-SB1929.txt
TMP-IL-AITHEWELLNESSA,https://www.ilga.gov/Documents/Legislation/PublicActs/104/PDF/104-0054.pdf,output/law_texts/TMP-IL-AITHEWELLNESSA.txt
TMP-IL-AMENDMENTTOTHE,https://ilga.gov/Legislation/BillStatus/FullText?LegDocId=185601&DocName=10300HB3773enr&DocNum=3773&DocTypeID=HB&LegID=149031&GAID=17&SessionID=112&SpecSess=&Session=,output/law_texts/TMP-IL-AMENDMENTTOTHE.txt
TMP-IL-ARTIFICIALINTE,https://r.jina.ai/http://law.justia.com/codes/illinois/chapter-820/act-42/,output/law_texts/TMP-IL-ARTIFICIALINTE.txt
TMP-IL-TORIGHTOFPUBLI,https://r.jina.ai/http://www.ilga.gov/legislation/BillStatus.asp?DocTypeID=HB&DocNum=4875&GAID=17&SessionID=112&LegID=152734,output/law_texts/TMP-IL-TORIGHTOFPUBLI.txt
TMP-IL-VOICEANDLIKENE,https://r.jina.ai/http://ilga.gov/legislation/publicacts/fulltext.asp?Name=103-0830,output/law_texts/TMP-IL-VOICEANDLIKENE.txt
TMP-IL-WELLNESSANDOVE,https://www.ilga.gov/Documents/Legislation/PublicActs/104/PDF/104-0054.pdf,output/law_texts/TMP-IL-WELLNESSANDOVE.txt
US-IL-SB1792,https://r.jina.ai/http://legiscan.com/IL/bill/SB1792,output/law_texts/US-IL-SB1792.txt
US-IL-SB2203,https://r.jina.ai/http://legiscan.com/IL/bill/SB2203,output/law_texts/US-IL-SB2203.txt
TMP-IN-AMENDMENTOFIND,https://iga.in.gov/legislative/2024/bills/house/1047/details,output/law_texts/TMP-IN-AMENDMENTOFIND.txt
TMP-IN-DECISIONINDIAN,https://iga.in.gov/ic/2024/Title_24/Article_15.pdf,output/law_texts/TMP-IN-DECISIONINDIAN.txt
TMP-IA-EXPLOITATIONOF,https://www.legis.iowa.gov/docs/code/2025/728.12.pdf,output/law_texts/TMP-IA-EXPLOITATIONOF.txt
TMP-IA-HARASSMENTIOWA,https://www.legis.iowa.gov/docs/code/2025/708.7.pdf,output/law_texts/TMP-IA-HARASSMENTIOWA.txt
US-IA-HB406,https://r.jina.ai/http://legiscan.com/IA/bill/HB406,output/law_texts/US-IA-HB406.txt
US-IA-HB823,,
TMP-KS-AIPLATFORMSOFC,https://kslegislature.gov/li/b2025_26/measures/documents/hb2313_enrolled.pdf,output/law_texts/TMP-KS-AIPLATFORMSOFC.txt
TMP-KY-AIELECTIONEERI,https://apps.legislature.ky.gov/record/25rs/sb4.html,output/law_texts/TMP-KY-AIELECTIONEERI.txt
TMP-KY-AMENDMENTTOINT,https://apps.legislature.ky.gov/recorddocuments/bill/24RS/hb207/bill.pdf,output/law_texts/TMP-KY-AMENDMENTTOINT.txt
TMP-KY-DECISIONKENTUC,https://apps.legislature.ky.gov/law/statutes/chapter.aspx?id=39092,output/law_texts/TMP-KY-DECISIONKENTUC.txt
TMP-KY-GOVERNMENTUSEO,https://apps.legislature.ky.gov/record/25rs/sb4.html,output/law_texts/TMP-KY-GOVERNMENTUSEO.txt
TMP-KY-TOCSAMLAWHB207,https://apps.legislature.ky.gov/recorddocuments/bill/24RS/hb207/bill.pdf,output/law_texts/TMP-KY-TOCSAMLAWHB207.txt
TMP-LA-DEEPFAKELAW14L,https://www.legis.la.gov/Legis/ViewDocument.aspx?d=1333325,output/law_texts/TMP-LA-DEEPFAKELAW14L.txt
TMP-LA-LOUISIANAAIINT,https://www.legis.la.gov/Legis/ViewDocument.aspx?d=1379408,output/law_texts/TMP-LA-LOUISIANAAIINT.txt
TMP-LA-LOUISIANADEEPF,https://www.legis.la.gov/Legis/ViewDocument.aspx?d=1333325,output/law_texts/TMP-LA-LOUISIANADEEPF.txt
TMP-ME-AICOMMUNICATIO,https://legislature.maine.gov/bills/getPDF.asp?paper=HP1154&item=3&snum=132,output/law_texts/TMP-ME-AICOMMUNICATIO.txt
TMP-MD-DECISIONMARYLA,https://mgaleg.maryland.gov/2024RS/bills/hb/hb0567E.pdf,output/law_texts/TMP-MD-DECISIONMARYLA.txt
TMP-MD-MARYLANDAIGOVE,https://legiscan.com/MD/text/SB818/id/2998150/Maryland-2024-SB818-Chaptered.pdf,output/law_texts/TMP-MD-MARYLANDAIGOVE.txt
TMP-MD-TOTHEMARYLANDC,https://mgaleg.maryland.gov/mgawebsite/Laws/StatuteText?article=crm&section=11-208&enactments=False,output/law_texts/TMP-MD-TOTHEMARYLANDC.txt
TMP-MD-UTILIZATIONREV,https://mgaleg.maryland.gov/2025RS/Chapters_noln/CH_747_hb0820t.pdf,output/law_texts/TMP-MD-UTILIZATIONREV.txt
US-MD-HB1331,https://r.jina.ai/http://legiscan.com/MD/bill/HB1331,output/law_texts/US-MD-HB1331.txt
US-MD-SB936,https://r.jina.ai/http://legiscan.com/MD/bill/SB936,output/law_texts/US-MD-SB936.txt
TMP-MA-AMENDMENTTOTHE,https://malegislature.gov/Laws/SessionLaws/Acts/2024/Chapter118,output/law_texts/TMP-MA-AMENDMENTTOTHE.txt
US-MA-HB97,https://r.jina.ai/http://legiscan.com/MA/bill/HB97,output/law_texts/US-MA-HB97.txt
TMP-MI-AIPOLITICALDEE,https://www.legislature.mi.gov/documents/2023-2024/publicact/pdf/2023-PA-0265.pdf,output/law_texts/TMP-MI-AIPOLITICALDEE.txt
TMP-MI-AIPOLITICALDIS,https://www.legislature.mi.gov/documents/2023-2024/publicact/htm/2023-PA-0263.htm,output/law_texts/TMP-MI-AIPOLITICALDIS.txt
TMP-MN-DECISIONMINNES,https://infobytes.orrick.com/wp-content/uploads/download-1-1.pdf,output/law_texts/TMP-MN-DECISIONMINNES.txt
TMP-MN-MEDIAPROHIBITI,https://www.revisor.mn.gov/bills/bill.php?view=chrono&b=Senate&f=SF4097&ssn=0&y=2023,output/law_texts/TMP-MN-MEDIAPROHIBITI.txt
TMP-MN-NONCONSENSUALD,https://www.revisor.mn.gov/bills/bill.php?b=house&f=hf1370&ssn=0&y=2023,output/law_texts/TMP-MN-NONCONSENSUALD.txt
TMP-MN-TOTHEMINNESOTA,https://www.revisor.mn.gov/bills/bill.php?view=chrono&b=House&f=HF2432&ssn=0&y=2025,output/law_texts/TMP-MN-TOTHEMINNESOTA.txt
US-MN-SF1886,https://r.jina.ai/http://legiscan.com/MN/bill/SF1886,output/law_texts/US-MN-SF1886.txt
TMP-MS-AIPOLITICALDEE,https://billstatus.ls.state.ms.us/2024/pdf/history/SB/SB2577.xml,output/law_texts/TMP-MS-AIPOLITICALDEE.txt
TMP-MO-ANDRELATEDOFFE,https://revisor.mo.gov/main/OneSection.aspx?section=573.010&bid=51065,output/law_texts/TMP-MO-ANDRELATEDOFFE.txt
TMP-MT-AIDEEPFAKESINE,https://docs.legmt.gov/download-ticket?ticketId=79409647-ee8e-4eda-aceb-c7e125083fda,output/law_texts/TMP-MT-AIDEEPFAKESINE.txt
TMP-MT-DECISIONMONTAN,https://archive.legmt.gov/bills/mca/title_0300/chapter_0140/part_0280/sections_index.html,output/law_texts/TMP-MT-DECISIONMONTAN.txt
TMP-MT-MONTANAEXPLICI,https://infobytes.orrick.com/wp-content/uploads/Montana-2025-SB413-Enrolled.pdf,output/law_texts/TMP-MT-MONTANAEXPLICI.txt
TMP-MT-MONTANAGOVERNM,https://docs.legmt.gov/download-ticket?ticketId=907ba0c7-2666-4edc-938e-7f66bf3de5cb,output/law_texts/TMP-MT-MONTANAGOVERNM.txt
TMP-MT-PRIVACYINCOMMU,https://infobytes.orrick.com/wp-content/uploads/Montana-2025-HB514-Enrolled.pdf,output/law_texts/TMP-MT-PRIVACYINCOMMU.txt
TMP-MT-RIGHTINUSEOFNA,https://infobytes.orrick.com/wp-content/uploads/Montana-2025-HB513-Enrolled.pdf,output/law_texts/TMP-MT-RIGHTINUSEOFNA.txt
TMP-MT-RIGHTTOCOMPUTE,https://docs.legmt.gov/download-ticket?ticketId=a64e8bac-75d1-42b8-a672-82870e842ab0,output/law_texts/TMP-MT-RIGHTTOCOMPUTE.txt
US-MT-SB452,https://r.jina.ai/http://legiscan.com/MT/bill/SB452,output/law_texts/US-MT-SB452.txt
TMP-NE-DECISIONNEBRAS,https://nebraskalegislature.gov/FloorDocs/108/PDF/Slip/LB1074.pdf,output/law_texts/TMP-NE-DECISIONNEBRAS.txt
TMP-NE-OFNEBRASKACSAM,https://nebraskalegislature.gov/FloorDocs/109/PDF/Slip/LB383.pdf,output/law_texts/TMP-NE-OFNEBRASKACSAM.txt
US-NE-LB642,https://nebraskalegislature.gov/FloorDocs/109/PDF/Intro/LB642.pdf,output/law_texts/US-NE-LB642.txt
TMP-NV-AIFORSCHOOLCOU,https://infobytes.orrick.com/wp-content/uploads/AB406-Text.pdf,output/law_texts/TMP-NV-AIFORSCHOOLCOU.txt
TMP-NV-AIGENERALAICHA,https://infobytes.orrick.com/wp-content/uploads/AB406-Text.pdf,output/law_texts/TMP-NV-AIGENERALAICHA.txt
TMP-NV-FORMENTALANDBE,https://infobytes.orrick.com/wp-content/uploads/AB406-Text.pdf,output/law_texts/TMP-NV-FORMENTALANDBE.txt
TMP-NV-NEVADAAIPOLITI,https://www.leg.state.nv.us/App/NELIS/REL/83rd2025/Bill/11888/Overview,output/law_texts/TMP-NV-NEVADAAIPOLITI.txt
US-NV-AB3265,,
US-NV-AB3356,https://r.jina.ai/http://legiscan.com/NV/bill/AB3356,output/law_texts/US-NV-AB3356.txt
US-NV-AB3411-SB934,,
US-NV-AB768-SB1962,,
US-NV-SB199,https://r.jina.ai/http://legiscan.com/NV/bill/SB199,output/law_texts/US-NV-SB199.txt
TMP-NH-AIRESPONSIVEGE,https://gc.nh.gov/bill_status/pdf.aspx?id=17004&q=billVersion,output/law_texts/TMP-NH-AIRESPONSIVEGE.txt
TMP-NH-DECISIONNEWHAM,https://gc.nh.gov/rsa/html/NHTOC/NHTOC-LII-507-H.htm,output/law_texts/TMP-NH-DECISIONNEWHAM.txt
TMP-NH-HAMPSHIREDEEPF,https://r.jina.ai/http://legiscan.com/NH/text/HB1432/id/2864369,output/law_texts/TMP-NH-HAMPSHIREDEEPF.txt
TMP-NH-NEWHAMPSHIREAI,https://r.jina.ai/http://legiscan.com/NH/text/HB1596/id/2864639,output/law_texts/TMP-NH-NEWHAMPSHIREAI.txt
US-NH-HB1688,https://r.jina.ai/http://legiscan.com/NH/text/HB1688/id/2864315,output/law_texts/US-NH-HB1688.txt
TMP-NJ-CRIMINALPENALT,https://pub.njleg.state.nj.us/Bills/2024/A4000/3540_R3.PDF,output/law_texts/TMP-NJ-CRIMINALPENALT.txt
TMP-NJ-DECISIONNEWJER,https://pub.njleg.state.nj.us/Bills/2022/PL23/266_.PDF,output/law_texts/TMP-NJ-DECISIONNEWJER.txt
TMP-NJ-RULESPERTAININ,https://r.jina.ai/http://www.njoag.gov/wp-content/uploads/2024/11/Notice-of-Subst.-Change-13_16-1.3-56-N.J.R.-2218a-002.pdf,output/law_texts/TMP-NJ-RULESPERTAININ.txt
TMP-NM-NEWMEXICOCAMPA,https://www.nmlegis.gov/Legislation/Legislation?chamber=H&legtype=B&legno=182&year=24,output/law_texts/TMP-NM-NEWMEXICOCAMPA.txt
US-NM-HB401,https://r.jina.ai/http://legiscan.com/NM/bill/HB401,output/law_texts/US-NM-HB401.txt
TMP-NY-AIARTIFICIALIN,https://www.nysenate.gov/legislation/laws/GBS/A47,output/law_texts/TMP-NY-AIARTIFICIALIN.txt
TMP-NY-AMENDMENTTOTHE,https://www.nysenate.gov/legislation/bills/2023/S1042/amendment/A,output/law_texts/TMP-NY-AMENDMENTTOTHE.txt
TMP-NY-ARTIFICIALINTE,https://www.nysenate.gov/legislation/laws/ELN/14-106,output/law_texts/TMP-NY-ARTIFICIALINTE.txt
TMP-NY-AUTOMATEDEMPLO,https://www.nysenate.gov/legislation/bills/2025/A433,output/law_texts/TMP-NY-AUTOMATEDEMPLO.txt
TMP-NY-FORTHECREATION,https://www.nysenate.gov/legislation/laws/GOB/5-302,output/law_texts/TMP-NY-FORTHECREATION.txt
TMP-NY-INTELLIGENCEDE,https://www.nysenate.gov/legislation/laws/CVR/50,output/law_texts/TMP-NY-INTELLIGENCEDE.txt
TMP-NY-NYCAIEMPLOYMEN,https://legistar.council.nyc.gov/LegislationDetail.aspx?ID=4344524&GUID=B051915D-A9AC-451E-81F8-6596032FA3F9&Options=ID%7cText%7c&Search=,output/law_texts/TMP-NY-NYCAIEMPLOYMEN.txt
TMP-NY-ORGENERALTHERE,https://legislation.nysenate.gov/pdf/bills/2025/a9449,output/law_texts/TMP-NY-ORGENERALTHERE.txt
TMP-NY-PERFORMERDISCL,https://www.nysenate.gov/legislation/bills/2025/S8420/amendment/A,output/law_texts/TMP-NY-PERFORMERDISCL.txt
TMP-NY-PRICINGNEWYORK,https://www.cga.ct.gov/current/pub/chap_244c.htm,output/law_texts/TMP-NY-PRICINGNEWYORK.txt
TMP-NY-THELOADINGACTL,https://www.nysenate.gov/legislation/bills/2023/S7543/amendment/B,output/law_texts/TMP-NY-THELOADINGACTL.txt
TMP-NY-TODECEASEDS839,https://www.nysenate.gov/legislation/bills/2025/S8391,output/law_texts/TMP-NY-TODECEASEDS839.txt
TMP-NY-UNKNOWN,,
TMP-NY-YORKSTATEFASHI,https://legislation.nysenate.gov/pdf/bills/2023/S9832,output/law_texts/TMP-NY-YORKSTATEFASHI.txt
US-NY-AB6540-SB,,
US-NY-AB6578-SB,,
US-NY-AB8884-SB,,
US-NY-HB60,https://r.jina.ai/http://legiscan.com/NY/search?keyword=HB60,output/law_texts/US-NY-HB60.txt
TMP-NC-NORTHCAROLINAI,https://www.ncleg.gov/BillLookup/2023/H591,output/law_texts/TMP-NC-NORTHCAROLINAI.txt
TMP-NC-OFNORTHCAROLIN,https://www.ncleg.gov/BillLookup/2023/H591,output/law_texts/TMP-NC-OFNORTHCAROLIN.txt
TMP-ND-AIPOLITICALADV,https://ndlegis.gov/assembly/69-2025/regular/documents/25-0529-05000.pdf,output/law_texts/TMP-ND-AIPOLITICALADV.txt
TMP-ND-ANACTRELATINGT,https://ndlegis.gov/assembly/69-2025/regular/documents/25-0034-05000.pdf,output/law_texts/TMP-ND-ANACTRELATINGT.txt
TMP-ND-CSAMAMENDMENTS,https://ndlegis.gov/assembly/69-2025/regular/documents/25-1064-05000.pdf,output/law_texts/TMP-ND-CSAMAMENDMENTS.txt
TMP-ND-DAKOTAHARASSME,https://ndlegis.gov/assembly/69-2025/regular/documents/25-0908-04000.pdf,output/law_texts/TMP-ND-DAKOTAHARASSME.txt
TMP-ND-DAKOTASTALKING,https://ndlegis.gov/assembly/69-2025/regular/documents/25-0908-04000.pdf,output/law_texts/TMP-ND-DAKOTASTALKING.txt
TMP-ND-NORTHDAKOTAUNM,https://ndlegis.gov/assembly/69-2025/regular/documents/25-1307-04000.pdf,output/law_texts/TMP-ND-NORTHDAKOTAUNM.txt
TMP-OK-AMENDMENTOFOKL,https://www.oklegislature.gov/cf_pdf/2025-26%20ENR/hB/HB1364%20ENR.PDF,output/law_texts/TMP-OK-AMENDMENTOFOKL.txt
TMP-OK-TOOKLAHOMACSAM,https://www.oklegislature.gov/BillInfo.aspx?Bill=hb3642&Session=2400,output/law_texts/TMP-OK-TOOKLAHOMACSAM.txt
US-OK-HB1916,https://r.jina.ai/http://legiscan.com/OK/bill/HB1916,output/law_texts/US-OK-HB1916.txt
TMP-OR-DECISIONOREGON,https://olis.oregonlegislature.gov/liz/2023R1/Downloads/MeasureDocument/SB619/Enrolled,output/law_texts/TMP-OR-DECISIONOREGON.txt
TMP-OR-USEOFAIINCAMPA,https://olis.oregonlegislature.gov/liz/2024R1/Measures/Overview/SB1571,output/law_texts/TMP-OR-USEOFAIINCAMPA.txt
TMP-PA-AMENDMENTOFPEN,https://r.jina.ai/http://www.legis.state.pa.us/CFDOCS/Legis/PN/Public/btCheck.cfm?txtType=PDF&sessYr=2023&sessInd=0&billBody=S&billTyp=B&billNbr=1213&pn=1946,output/law_texts/TMP-PA-AMENDMENTOFPEN.txt
TMP-PA-OFPENNSYLVANIA,https://r.jina.ai/http://www.legis.state.pa.us/CFDOCS/Legis/PN/Public/btCheck.cfm?txtType=PDF&sessYr=2023&sessInd=0&billBody=S&billTyp=B&billNbr=1213&pn=1946,output/law_texts/TMP-PA-OFPENNSYLVANIA.txt
TMP-RI-DECEPTIVEANDFR,https://www.scstatehouse.gov/code/t40c057.php,output/law_texts/TMP-RI-DECEPTIVEANDFR.txt
TMP-RI-DECISIONRHODEI,https://advance.lexis.com/api/document/collection/statutes-legislation/id/68FT-J0C0-R03K-04F9-00008-00?cite=Tenn.%20Code%20Ann.%20%C2%A7%2047-18-3301&context=1000516,output/law_texts/TMP-RI-DECISIONRHODEI.txt
US-RI-HB1709,https://r.jina.ai/http://legiscan.com/RI/bill/HB1709,output/law_texts/US-RI-HB1709.txt
US-RI-HB5496,https://r.jina.ai/http://legiscan.com/RI/bill/HB5496,output/law_texts/US-RI-HB5496.txt
US-RI-SB627,https://r.jina.ai/http://legiscan.com/RI/text/SB627,output/law_texts/US-RI-SB627.txt
TMP-SC-ESTATEREALESTA,https://capitol.texas.gov/tlodocs/89R/billtext/pdf/SB01964F.pdf,output/law_texts/TMP-SC-ESTATEREALESTA.txt
TMP-SD-ANACTTOPROHIBI,https://capitol.texas.gov/tlodocs/89R/billtext/pdf/SB01621F.pdf,output/law_texts/TMP-SD-ANACTTOPROHIBI.txt
TMP-SD-OFSOUTHDAKOTAS,https://capitol.texas.gov/tlodocs/89R/billtext/pdf/SB00020F.pdf,output/law_texts/TMP-SD-OFSOUTHDAKOTAS.txt
TMP-TN-DECISIONTENNES,https://capitol.texas.gov/tlodocs/89R/billtext/pdf/SB02373F.pdf,output/law_texts/TMP-TN-DECISIONTENNES.txt
TMP-TN-LIKENESSVOICEA,https://capitol.texas.gov/tlodocs/89R/billtext/pdf/SB01188F.pdf,output/law_texts/TMP-TN-LIKENESSVOICEA.txt
TMP-TN-OFTENNESSEECSA,https://capitol.texas.gov/tlodocs/89R/billtext/pdf/SB00815F.pdf,output/law_texts/TMP-TN-OFTENNESSEECSA.txt
TMP-TX-ABUSEUSINGARTI,https://capitol.texas.gov/tlodocs/89R/billtext/pdf/HB00149F.pdf,output/law_texts/TMP-TX-ABUSEUSINGARTI.txt
TMP-TX-ACTRELATINGTOT,https://capitol.texas.gov/tlodocs/89R/billtext/pdf/SB00441F.pdf,output/law_texts/TMP-TX-ACTRELATINGTOT.txt
TMP-TX-AISEXUALMATERI,https://lawfilesext.leg.wa.gov/biennium/2023-24/Pdf/Bills/Session%20Laws/House/1999-S.SL.pdf?q=20241030184202,output/law_texts/TMP-TX-AISEXUALMATERI.txt
TMP-TX-AITEXASRESPONS,http://www.wvlegislature.gov/Bill_Text_HTML/2025_SESSIONS/RS/bills/sb198%20sub1%20enr.pdf,output/law_texts/TMP-TX-AITEXASRESPONS.txt
TMP-TX-DECISIONTEXASD,https://wyoleg.gov/NXT/gateway.dll?f=templates&fn=default.htm,output/law_texts/TMP-TX-DECISIONTEXASD.txt
TMP-TX-INTELLIGENCEIN,https://capitol.texas.gov/BillLookup/Text.aspx?LegSess=88R&Bill=HB2700,output/law_texts/TMP-TX-INTELLIGENCEIN.txt
TMP-TX-MATERIALAPPEAR,https://capitol.texas.gov/tlodocs/89R/billtext/pdf/HB00581F.pdf,output/law_texts/TMP-TX-MATERIALAPPEAR.txt
TMP-TX-MEDIAUNLAWFULP,https://legislature.vermont.gov/Documents/2024/Docs/ACTS/ACT161/ACT161%20As%20Enacted.pdf,output/law_texts/TMP-TX-MEDIAUNLAWFULP.txt
TMP-TX-OFAUTOMATEDDEC,https://capitol.texas.gov/tlodocs/88R/billtext/html/SB01361F.htm,output/law_texts/TMP-TX-OFAUTOMATEDDEC.txt
TMP-TX-OFTEXASCSAMLAW,http://www.wvlegislature.gov/Bill_Text_HTML/2025_SESSIONS/RS/bills/sb198%20sub1%20enr.pdf,output/law_texts/TMP-TX-OFTEXASCSAMLAW.txt
TMP-TX-TOTHECSAMSTATU,https://capitol.texas.gov/tlodocs/89R/billtext/pdf/SB00441F.pdf,output/law_texts/TMP-TX-TOTHECSAMSTATU.txt
TMP-TX-UNLAWFULDISTRI,https://wyoleg.gov/NXT/gateway.dll?f=templates&fn=default.htm,output/law_texts/TMP-TX-UNLAWFULDISTRI.txt
TMP-TX-UNLAWFULPRODUC,https://lawfilesext.leg.wa.gov/biennium/2023-24/Pdf/Bills/Session%20Laws/House/1999-S.SL.pdf?q=20241030184202,output/law_texts/TMP-TX-UNLAWFULPRODUC.txt
US-TX-HB149,https://r.jina.ai/http://legiscan.com/TX/bill/HB149,output/law_texts/US-TX-HB149.txt
US-TX-HB340,https://r.jina.ai/http://legiscan.com/TX/bill/HB340,output/law_texts/US-TX-HB340.txt
US-TX-SB2966,https://r.jina.ai/http://legiscan.com/TX/text/SB2966,output/law_texts/US-TX-SB2966.txt
US-TX-SB668,https://r.jina.ai/http://legiscan.com/TX/bill/SB668,output/law_texts/US-TX-SB668.txt
TMP-UT-AIARTIFICIALIN,https://le.utah.gov/Session/2025/bills/introduced/SB0226.pdf,output/law_texts/TMP-UT-AIARTIFICIALIN.txt
TMP-UT-APPLICATIONSRE,https://le.utah.gov/Session/2025/bills/enrolled/HB0452.pdf,output/law_texts/TMP-UT-APPLICATIONSRE.txt
TMP-UT-ARTIFICIALINTE,https://le.utah.gov/Session/2025/bills/enrolled/SB0271.pdf,output/law_texts/TMP-UT-ARTIFICIALINTE.txt
TMP-UT-ARTIFICIALPORN,https://le.utah.gov/~2024/bills/static/HB0148.html,output/law_texts/TMP-UT-ARTIFICIALPORN.txt
TMP-UT-EXPLICITMINORH,https://le.utah.gov/~2024/bills/static/HB0238.html,output/law_texts/TMP-UT-EXPLICITMINORH.txt
TMP-UT-INTELLIGENCECO,https://le.utah.gov/Session/2025/bills/introduced/SB0226.pdf,output/law_texts/TMP-UT-INTELLIGENCECO.txt
TMP-UT-LAWENFORCEMENT,https://le.utah.gov/Session/2025/bills/enrolled/SB0180.pdf,output/law_texts/TMP-UT-LAWENFORCEMENT.txt
TMP-UT-ORUSERINPUTOFA,https://le.utah.gov/Session/2025/bills/enrolled/HB0452.pdf,output/law_texts/TMP-UT-ORUSERINPUTOFA.txt
TMP-UT-PORNOGRAPHICIM,https://le.utah.gov/~2024/bills/static/HB0148.html,output/law_texts/TMP-UT-PORNOGRAPHICIM.txt
TMP-UT-UTAHINFORMATIO,https://le.utah.gov/~2024/bills/static/SB0131.html,output/law_texts/TMP-UT-UTAHINFORMATIO.txt
US-UT-SB226,https://r.jina.ai/http://legiscan.com/UT/search?keyword=SB226,output/law_texts/US-UT-SB226.txt
TMP-VT-AMENDMENTOFNON,https://wyoleg.gov/NXT/gateway.dll?f=templates&fn=default.htm,output/law_texts/TMP-VT-AMENDMENTOFNON.txt
TMP-VT-ANACTRELATINGT,https://legislature.vermont.gov/bill/status/2022/H.0410,output/law_texts/TMP-VT-ANACTRELATINGT.txt
US-VT-HB2121,https://r.jina.ai/http://legiscan.com/VT/bill/HB2121,output/law_texts/US-VT-HB2121.txt
US-VT-HB2250,https://r.jina.ai/http://legiscan.com/VT/bill/HB2250,output/law_texts/US-VT-HB2250.txt
US-VT-HB341,https://r.jina.ai/http://legiscan.com/VT/text/HB341,output/law_texts/US-VT-HB341.txt
TMP-VA-AMENDMENTTOTHE,https://legacylis.virginia.gov/cgi-bin/legp604.exe?191+ful+CHAP0490+pdf,output/law_texts/TMP-VA-AMENDMENTTOTHE.txt
TMP-VA-ARTIFICIALINTE,https://lis.blob.core.windows.net/files/1079123.PDF,output/law_texts/TMP-VA-ARTIFICIALINTE.txt
TMP-VA-DECISIONVIRGIN,https://law.lis.virginia.gov/vacode/title59.1/chapter53/section59.1-577/,output/law_texts/TMP-VA-DECISIONVIRGIN.txt
TMP-VA-NURSINGHOMEVIR,https://law.lis.virginia.gov/vacode/title32.1/chapter5/section32.1-127/,output/law_texts/TMP-VA-NURSINGHOMEVIR.txt
TMP-VA-TOCSAMSTATUTES,https://legacylis.virginia.gov/cgi-bin/legp604.exe?241+ful+CHAP0262+pdf,output/law_texts/TMP-VA-TOCSAMSTATUTES.txt
US-VA-HB1168,https://r.jina.ai/http://legiscan.com/VA/text/HB1168,output/law_texts/US-VA-HB1168.txt
US-VA-HB2094,https://r.jina.ai/http://legiscan.com/VA/bill/HB2094,output/law_texts/US-VA-HB2094.txt
US-VA-HB2554,https://r.jina.ai/http://legiscan.com/VA/bill/HB2554,output/law_texts/US-VA-HB2554.txt
TMP-WA-AMENDMENTOFWAS,https://wyoleg.gov/NXT/gateway.dll?f=templates&fn=default.htm,output/law_texts/TMP-WA-AMENDMENTOFWAS.txt
TMP-WA-OFWASHINGTONCS,https://wyoleg.gov/NXT/gateway.dll?f=templates&fn=default.htm,output/law_texts/TMP-WA-OFWASHINGTONCS.txt
US-WA-HB1170,https://r.jina.ai/http://legiscan.com/WA/bill/HB1170,output/law_texts/US-WA-HB1170.txt
TMP-WV-AGAINSTCHASTIT,https://wyoleg.gov/NXT/gateway.dll?f=templates&fn=default.htm,output/law_texts/TMP-WV-AGAINSTCHASTIT.txt
TMP-WV-CRIMESAGAINSTC,https://wyoleg.gov/NXT/gateway.dll?f=templates&fn=default.htm,output/law_texts/TMP-WV-CRIMESAGAINSTC.txt
TMP-WI-2023WISCONSINA,https://docs.legis.wisconsin.gov/statutes/statutes/11/xiii/1303,output/law_texts/TMP-WI-2023WISCONSINA.txt
TMP-WI-ESTATEADVERTIS,https://docs.legis.wisconsin.gov/2025/related/acts/69,output/law_texts/TMP-WI-ESTATEADVERTIS.txt
TMP-WI-TOTHECSAMSTATU,https://docs.legis.wisconsin.gov/document/acts/2023/224.pdf,output/law_texts/TMP-WI-TOTHECSAMSTATU.txt
TMP-WY-EXPLOITATIONOF,https://wyoleg.gov/NXT/gateway.dll?f=templates&fn=default.htm,output/law_texts/TMP-WY-EXPLOITATIONOF.txt
TMP-WY-TOINTIMATEIMAG,https://wyoleg.gov/NXT/gateway.dll?f=templates&fn=default.htm,output/law_texts/TMP-WY-TOINTIMATEIMAG.txt
